1,164,8,1,372.07,TARJETA,2023-04-03
2,36,48,4,339.97,PLIN,2022-06-28
3,152,28,2,19.75,TARJETA,2023-04-22
4,130,39,1,282.82,PLIN,2024-05-09
5,57,29,19,142.7,EFECTIVO,2022-11-23
6,179,28,11,142.55,TARJETA,2023-11-21
7,27,6,13,52.87,TRANSFERENCIA,2023-06-26
8,12,47,15,270.43,YAPE,2022-06-11
9,142,19,20,443.3,TRANSFERENCIA,2023-01-29
10,181,5,2,332.33,TRANSFERENCIA,2022-06-13
11,60,7,13,142.6,TRANSFERENCIA,2022-11-30
12,95,23,7,336.74,EFECTIVO,2022-12-17
13,137,47,8,85.88,YAPE,2023-07-07
14,164,45,18,113.71,TRANSFERENCIA,2022-04-25
15,59,3,11,203.58,EFECTIVO,2023-03-09
16,146,46,11,110.25,YAPE,2024-03-21
17,165,30,5,136.12,TARJETA,2023-06-23
18,192,38,14,449.42,YAPE,2024-01-12
19,57,9,17,249.29,EFECTIVO,2022-08-13
20,40,41,6,397.08,YAPE,2022-05-11
21,99,25,20,498.08,PLIN,2023-05-30
22,142,1,4,342.45,PLIN,2023-07-01
23,197,42,11,60.22,YAPE,2022-11-20
24,117,1,9,486.08,TARJETA,2024-11-05
25,28,41,10,421.63,PLIN,2023-02-12
26,40,24,6,271.99,PLIN,2022-01-02
27,154,21,16,14.64,TRANSFERENCIA,2023-09-22
28,62,4,8,439.61,EFECTIVO,2022-06-25
29,188,32,3,489.1,PLIN,2022-09-15
30,33,43,16,473.69,TARJETA,2023-06-27
31,136,39,14,482.36,PLIN,2023-02-16
32,183,20,13,497.6,TRANSFERENCIA,2024-06-16
33,133,29,4,127.71,EFECTIVO,2023-11-24
34,6,38,18,118.91,TARJETA,2022-01-15
35,19,46,2,118.33,EFECTIVO,2023-11-08
36,19,33,8,142.85,YAPE,2023-03-15
37,139,9,19,290.22,TARJETA,2024-08-26
38,105,13,4,52.98,YAPE,2023-12-27
39,109,27,15,432.6,EFECTIVO,2022-07-21
40,16,26,11,401.29,EFECTIVO,2023-05-25
41,50,13,18,227.06,YAPE,2023-01-11
42,72,30,8,437.87,EFECTIVO,2024-06-26
43,141,7,2,327.81,PLIN,2022-01-31
44,24,49,8,87.32,YAPE,2024-09-12
45,55,26,2,86.5,EFECTIVO,2024-03-10
46,68,30,10,214.39,PLIN,2024-09-23
47,40,13,10,112.76,EFECTIVO,2022-05-05
48,192,21,2,29.82,YAPE,2024-10-26
49,136,11,2,480.59,EFECTIVO,2023-01-16
50,18,39,3,339.23,TARJETA,2024-04-06
51,31,37,8,291.56,EFECTIVO,2022-06-17
52,108,43,19,284.79,TRANSFERENCIA,2023-06-19
53,53,43,11,123.15,YAPE,2022-09-26
54,172,42,10,231.33,EFECTIVO,2022-01-20
55,118,40,19,498.07,EFECTIVO,2023-03-13
56,130,17,5,466.96,EFECTIVO,2023-05-16
57,95,19,6,221.9,PLIN,2023-09-12
58,157,42,17,8.87,PLIN,2023-09-06
59,170,7,5,135.91,EFECTIVO,2022-11-15
60,70,19,20,109.26,TRANSFERENCIA,2023-02-21
61,176,41,9,255.18,TRANSFERENCIA,2022-04-15
62,24,41,14,415.53,EFECTIVO,2022-01-08
63,86,50,5,320.37,TRANSFERENCIA,2022-11-27
64,190,29,18,354.31,PLIN,2022-01-20
65,29,5,5,275.07,TRANSFERENCIA,2022-10-31
66,111,9,2,157.59,EFECTIVO,2024-01-03
67,54,44,8,335.13,TRANSFERENCIA,2024-04-12
68,159,48,5,463.25,TARJETA,2022-11-29
69,46,27,1,93.78,TRANSFERENCIA,2024-04-23
70,172,48,8,137.07,EFECTIVO,2024-02-23
71,10,31,8,103.79,YAPE,2023-12-18
72,79,15,8,16.71,TARJETA,2024-03-27
73,85,18,3,483.61,TRANSFERENCIA,2023-12-21
74,165,33,13,341.36,PLIN,2023-11-10
75,8,8,9,93.39,TRANSFERENCIA,2022-03-20
76,28,39,14,176.12,TRANSFERENCIA,2024-06-12
77,156,33,4,195.67,PLIN,2023-01-25
78,66,3,14,5.84,PLIN,2023-02-08
79,94,28,3,474.69,TRANSFERENCIA,2023-10-05
80,170,8,10,256.03,YAPE,2023-10-31
81,104,45,10,279.43,TARJETA,2024-05-11
82,171,25,6,309.68,TRANSFERENCIA,2024-04-11
83,141,1,10,147.02,YAPE,2023-10-22
84,120,29,15,339.44,PLIN,2024-08-27
85,189,11,3,145.47,PLIN,2023-11-18
86,24,49,8,338.03,TARJETA,2023-02-12
87,38,2,2,126.2,YAPE,2022-05-30
88,117,27,19,101.25,YAPE,2024-10-09
89,103,16,5,329.75,EFECTIVO,2022-08-07
90,200,28,8,92.06,PLIN,2024-08-09
91,13,36,8,459.15,EFECTIVO,2024-07-23
92,35,30,17,494.01,PLIN,2023-10-12
93,194,29,20,408.43,PLIN,2024-05-23
94,141,29,6,373.11,YAPE,2024-07-10
95,67,49,8,420.73,TRANSFERENCIA,2024-12-03
96,125,41,8,140.93,EFECTIVO,2023-08-09
97,61,18,11,163.26,PLIN,2022-06-15
98,36,10,8,194.6,TARJETA,2023-03-15
99,17,27,14,168.79,YAPE,2024-05-01
100,16,14,14,197.79,PLIN,2022-02-10
101,196,37,13,241.1,TRANSFERENCIA,2023-09-04
102,193,25,14,271.42,PLIN,2023-03-28
103,125,15,9,220.74,EFECTIVO,2024-03-07
104,87,43,13,363.47,YAPE,2022-09-19
105,160,35,1,453.93,PLIN,2022-02-25
106,22,42,14,72.17,YAPE,2023-01-08
107,13,17,13,167.04,YAPE,2023-11-01
108,87,49,13,142.74,YAPE,2023-06-01
109,21,31,1,375.77,EFECTIVO,2023-12-18
110,58,42,3,391.71,EFECTIVO,2022-03-05
111,64,13,1,312.56,TARJETA,2022-09-16
112,122,43,4,284.16,TARJETA,2024-08-10
113,180,17,12,88.06,PLIN,2022-08-23
114,200,11,10,58.51,EFECTIVO,2023-10-01
115,148,44,13,201.34,TARJETA,2022-06-05
116,152,45,8,55.44,TRANSFERENCIA,2022-09-05
117,145,3,12,268.71,TRANSFERENCIA,2022-05-22
118,130,42,11,11.26,YAPE,2024-09-30
119,28,28,12,319.61,YAPE,2022-11-10
120,112,12,17,482.91,TRANSFERENCIA,2024-09-17
121,120,28,19,137.86,TARJETA,2022-06-27
122,72,29,8,376.49,PLIN,2024-02-16
123,87,2,16,426.22,TARJETA,2024-09-25
124,55,23,9,173.47,PLIN,2023-07-20
125,143,1,17,474.29,EFECTIVO,2023-05-10
126,185,27,16,279.81,TARJETA,2024-09-02
127,166,46,16,226.85,EFECTIVO,2022-07-10
128,76,15,13,347.43,TRANSFERENCIA,2024-01-26
129,122,36,17,175.16,PLIN,2023-11-09
130,91,45,15,139.1,TRANSFERENCIA,2023-04-18
131,31,47,7,161.2,PLIN,2023-01-15
132,50,14,16,141.87,PLIN,2024-12-10
133,153,19,4,417.15,TRANSFERENCIA,2023-04-11
134,93,12,10,12.0,PLIN,2022-09-17
135,71,3,2,278.91,TARJETA,2024-10-02
136,27,1,19,145.75,YAPE,2024-06-21
137,88,12,2,129.98,YAPE,2022-08-22
138,17,26,16,41.67,EFECTIVO,2022-11-07
139,39,37,10,47.16,TARJETA,2022-08-31
140,143,49,14,305.13,PLIN,2023-04-08
141,199,34,13,228.0,YAPE,2023-09-01
142,151,28,10,286.47,EFECTIVO,2022-07-23
143,196,14,7,136.0,EFECTIVO,2022-11-18
144,62,12,18,42.16,EFECTIVO,2024-04-16
145,116,45,20,237.61,EFECTIVO,2023-04-20
146,74,46,10,352.98,YAPE,2022-05-26
147,176,15,9,394.97,PLIN,2023-02-10
148,109,8,18,116.28,TARJETA,2023-06-29
149,37,5,2,87.13,TRANSFERENCIA,2023-08-15
150,113,8,15,345.9,YAPE,2023-07-12
151,129,35,16,221.69,PLIN,2022-03-23
152,111,48,11,303.84,EFECTIVO,2022-07-07
153,59,44,19,295.63,EFECTIVO,2023-07-06
154,148,3,6,237.9,YAPE,2023-07-24
155,47,38,14,319.22,YAPE,2022-07-06
156,121,23,14,169.99,EFECTIVO,2022-11-26
157,85,27,16,147.67,YAPE,2022-03-17
158,117,6,11,129.94,EFECTIVO,2024-04-07
159,132,1,18,233.68,EFECTIVO,2023-01-20
160,133,24,20,379.44,YAPE,2022-04-16
161,53,18,18,69.85,TRANSFERENCIA,2024-06-16
162,179,32,4,19.29,PLIN,2023-05-06
163,182,11,10,277.67,PLIN,2024-04-15
164,24,15,4,233.42,EFECTIVO,2022-11-12
165,128,46,10,256.89,TRANSFERENCIA,2024-04-30
166,124,31,8,231.11,TARJETA,2024-02-25
167,49,39,17,374.41,TARJETA,2022-05-23
168,71,50,14,173.24,PLIN,2023-07-02
169,1,19,10,419.55,PLIN,2024-09-29
170,39,29,18,244.75,TRANSFERENCIA,2024-02-12
171,117,21,7,490.48,TARJETA,2024-02-24
172,60,50,14,26.61,YAPE,2024-02-20
173,99,43,5,250.19,EFECTIVO,2022-09-16
174,129,38,11,435.5,YAPE,2022-07-24
175,135,30,1,362.61,YAPE,2022-11-13
176,20,31,9,172.59,YAPE,2022-06-14
177,85,44,18,193.1,TRANSFERENCIA,2024-09-26
178,139,3,20,38.87,TRANSFERENCIA,2023-04-11
179,192,6,14,489.28,EFECTIVO,2024-06-27
180,43,45,10,452.19,EFECTIVO,2023-10-27
181,15,19,12,190.55,TARJETA,2023-05-16
182,136,27,19,342.49,TARJETA,2022-12-15
183,45,6,20,436.07,PLIN,2023-05-09
184,128,38,5,119.93,TRANSFERENCIA,2024-07-30
185,66,43,1,449.96,YAPE,2023-08-13
186,174,35,6,41.56,TRANSFERENCIA,2023-09-05
187,164,28,9,231.13,TRANSFERENCIA,2023-02-12
188,99,31,4,122.42,PLIN,2024-01-06
189,148,19,10,15.86,YAPE,2023-07-17
190,3,37,2,455.76,YAPE,2023-08-10
191,199,15,20,401.96,TARJETA,2023-01-25
192,159,17,5,315.98,EFECTIVO,2023-09-25
193,113,3,19,185.61,TARJETA,2022-07-04
194,76,21,14,91.94,TARJETA,2024-01-20
195,136,33,9,416.08,TRANSFERENCIA,2024-09-13
196,76,48,11,403.1,YAPE,2022-06-04
197,37,49,8,430.77,YAPE,2024-01-20
198,24,26,1,135.91,EFECTIVO,2024-07-20
199,95,44,9,294.36,TRANSFERENCIA,2022-08-10
200,173,15,16,17.39,PLIN,2023-11-03
201,157,15,3,319.52,YAPE,2023-09-11
202,167,27,4,74.19,EFECTIVO,2023-09-16
203,127,8,4,121.23,PLIN,2022-10-05
204,100,30,12,336.89,PLIN,2024-05-08
205,151,48,5,443.28,EFECTIVO,2024-09-29
206,158,27,9,21.19,TRANSFERENCIA,2023-03-21
207,114,29,8,428.45,EFECTIVO,2024-01-23
208,140,42,12,34.97,TRANSFERENCIA,2023-01-24
209,32,30,3,333.07,PLIN,2022-02-13
210,13,22,8,494.47,PLIN,2023-02-25
211,18,49,18,107.54,TARJETA,2023-04-23
212,85,50,5,395.38,PLIN,2022-01-06
213,71,10,5,272.41,TARJETA,2022-08-14
214,170,2,5,12.36,TARJETA,2023-10-26
215,5,12,9,30.94,YAPE,2024-12-13
216,30,48,3,240.74,TRANSFERENCIA,2024-11-17
217,152,7,15,254.4,PLIN,2022-03-30
218,187,43,17,154.31,EFECTIVO,2022-05-05
219,123,26,14,344.62,YAPE,2024-06-27
220,19,6,11,306.11,EFECTIVO,2022-09-16
221,71,40,19,276.44,TRANSFERENCIA,2024-02-20
222,153,34,10,229.59,PLIN,2024-05-31
223,26,45,4,427.13,PLIN,2023-03-17
224,111,29,8,209.84,YAPE,2024-03-27
225,107,47,4,159.71,TRANSFERENCIA,2023-06-07
226,96,10,16,38.23,EFECTIVO,2022-07-10
227,111,7,12,406.83,PLIN,2022-05-03
228,151,36,18,168.17,EFECTIVO,2024-04-21
229,91,43,14,434.71,EFECTIVO,2023-08-13
230,154,20,12,56.28,PLIN,2023-03-12
231,40,43,16,116.0,EFECTIVO,2023-12-19
232,143,24,4,382.49,PLIN,2023-04-09
233,110,36,20,308.72,PLIN,2022-02-23
234,156,43,9,19.33,TRANSFERENCIA,2023-09-25
235,87,23,1,94.8,TARJETA,2024-03-31
236,18,10,1,50.42,PLIN,2023-03-17
237,97,27,15,173.74,TRANSFERENCIA,2023-10-01
238,185,21,19,300.13,EFECTIVO,2022-11-15
239,41,49,20,29.63,EFECTIVO,2023-07-12
240,114,43,14,245.4,YAPE,2024-04-28
241,70,14,17,61.34,YAPE,2022-08-16
242,73,44,19,245.88,TRANSFERENCIA,2022-04-04
243,57,26,20,32.12,TARJETA,2023-09-10
244,55,50,5,383.26,TRANSFERENCIA,2023-11-03
245,31,1,16,374.77,TARJETA,2022-09-22
246,98,35,8,252.63,TRANSFERENCIA,2022-05-28
247,102,48,2,220.93,YAPE,2022-06-09
248,81,37,14,288.83,YAPE,2023-08-16
249,30,26,1,483.27,TARJETA,2024-07-31
250,177,24,3,221.17,EFECTIVO,2023-05-14
251,112,38,13,264.36,YAPE,2023-09-28
252,191,22,8,169.87,TARJETA,2022-06-06
253,131,41,4,267.65,TARJETA,2023-12-17
254,90,47,5,121.95,TARJETA,2023-06-09
255,51,12,20,80.67,EFECTIVO,2022-12-29
256,198,41,16,234.66,PLIN,2024-07-08
257,175,37,20,164.99,TRANSFERENCIA,2022-11-06
258,113,5,16,223.89,TRANSFERENCIA,2023-07-17
259,152,4,12,256.13,TRANSFERENCIA,2024-08-03
260,116,3,2,187.53,TRANSFERENCIA,2022-06-07
261,166,6,20,299.07,YAPE,2024-08-05
262,149,36,2,227.62,PLIN,2023-01-21
263,83,39,16,253.18,EFECTIVO,2024-07-11
264,27,22,3,254.75,TARJETA,2022-03-22
265,64,46,15,495.54,PLIN,2024-12-06
266,157,11,12,189.56,TRANSFERENCIA,2024-03-04
267,105,50,11,341.05,EFECTIVO,2023-11-17
268,17,22,4,281.19,YAPE,2023-08-05
269,65,47,20,437.27,TRANSFERENCIA,2022-06-16
270,150,43,5,458.79,TRANSFERENCIA,2024-03-13
271,34,39,3,158.24,YAPE,2023-11-04
272,33,43,17,51.26,YAPE,2024-11-07
273,93,2,12,157.89,TARJETA,2023-12-01
274,197,32,7,117.14,TARJETA,2022-11-14
275,20,19,4,256.31,PLIN,2024-12-14
276,10,43,11,438.81,PLIN,2022-09-26
277,153,25,5,85.31,PLIN,2022-12-06
278,185,29,2,208.38,TARJETA,2024-06-28
279,157,19,15,120.83,TARJETA,2023-09-26
280,121,13,12,340.76,PLIN,2024-06-21
281,119,50,10,390.17,PLIN,2024-12-16
282,108,11,7,401.62,TARJETA,2023-05-28
283,14,42,16,437.69,PLIN,2022-07-30
284,183,34,4,146.11,TARJETA,2023-07-13
285,116,33,5,416.37,EFECTIVO,2023-03-31
286,116,23,1,210.37,YAPE,2024-10-25
287,96,16,13,497.29,TRANSFERENCIA,2023-04-05
288,8,21,4,420.39,TRANSFERENCIA,2022-10-27
289,36,3,10,459.11,YAPE,2022-10-12
290,195,46,16,227.06,EFECTIVO,2022-06-12
291,5,17,7,418.31,PLIN,2024-12-16
292,109,8,10,122.63,EFECTIVO,2022-04-08
293,62,27,20,231.27,EFECTIVO,2024-10-20
294,153,35,1,317.82,PLIN,2023-05-11
295,184,10,10,217.47,PLIN,2023-12-24
296,62,37,14,97.72,EFECTIVO,2024-12-08
297,93,5,17,274.32,PLIN,2022-02-11
298,100,31,2,319.66,TRANSFERENCIA,2023-06-04
299,192,2,12,395.32,TRANSFERENCIA,2023-05-09
300,188,43,4,386.89,TRANSFERENCIA,2022-10-01
301,12,23,18,172.58,TARJETA,2024-08-09
302,179,31,6,406.69,EFECTIVO,2024-07-26
303,10,19,7,26.68,TARJETA,2022-03-27
304,81,20,17,202.12,PLIN,2024-08-27
305,65,3,7,146.62,EFECTIVO,2023-11-11
306,70,8,12,221.29,YAPE,2024-06-19
307,99,22,6,250.62,YAPE,2024-01-23
308,133,18,3,364.91,EFECTIVO,2024-05-31
309,155,12,18,150.41,EFECTIVO,2022-06-13
310,84,43,10,156.72,PLIN,2024-05-22
311,43,45,15,179.02,EFECTIVO,2023-12-24
312,158,28,9,321.54,EFECTIVO,2022-06-03
313,172,41,13,184.84,TARJETA,2022-03-05
314,37,39,15,22.23,EFECTIVO,2023-04-29
315,200,42,12,184.26,PLIN,2022-03-08
316,155,10,15,474.67,TRANSFERENCIA,2024-06-28
317,196,5,19,73.16,TRANSFERENCIA,2024-03-26
318,81,42,9,128.56,EFECTIVO,2022-02-23
319,189,12,16,261.28,PLIN,2022-08-30
320,68,50,9,353.5,TARJETA,2023-08-08
321,178,32,7,65.71,EFECTIVO,2024-07-14
322,45,46,15,498.64,TRANSFERENCIA,2023-12-13
323,182,5,18,273.37,TRANSFERENCIA,2022-11-19
324,183,46,6,397.88,PLIN,2023-04-05
325,32,13,5,122.18,YAPE,2022-02-23
326,93,36,19,187.61,PLIN,2022-09-23
327,157,6,3,158.1,YAPE,2024-12-12
328,106,50,14,412.55,EFECTIVO,2022-09-14
329,82,42,3,227.74,PLIN,2023-12-07
330,33,50,18,321.7,TARJETA,2022-09-22
331,111,33,2,416.54,PLIN,2022-11-10
332,78,11,6,164.72,TARJETA,2023-12-10
333,133,19,3,129.05,PLIN,2023-07-17
334,33,41,10,309.14,EFECTIVO,2024-10-26
335,165,11,19,471.1,TARJETA,2022-12-17
336,169,40,20,172.12,PLIN,2022-03-26
337,8,6,2,474.53,PLIN,2023-06-27
338,167,14,19,211.21,EFECTIVO,2024-10-16
339,161,35,10,322.74,TRANSFERENCIA,2024-09-16
340,63,44,13,152.23,EFECTIVO,2022-05-03
341,41,29,14,244.7,TARJETA,2023-11-28
342,156,10,11,431.44,TRANSFERENCIA,2023-12-09
343,103,9,12,259.92,EFECTIVO,2023-10-16
344,62,30,4,137.4,TARJETA,2022-10-16
345,25,4,10,472.97,PLIN,2024-05-06
346,64,11,11,467.21,TRANSFERENCIA,2023-01-24
347,196,11,16,498.0,YAPE,2024-10-18
348,79,32,1,49.57,YAPE,2024-11-01
349,118,16,7,293.76,EFECTIVO,2022-04-14
350,73,32,20,441.76,YAPE,2023-08-09
351,138,1,4,218.31,TRANSFERENCIA,2024-01-20
352,196,26,12,27.39,EFECTIVO,2023-02-03
353,93,36,10,41.4,PLIN,2024-07-11
354,196,36,9,413.53,PLIN,2022-09-01
355,33,7,13,189.73,TRANSFERENCIA,2024-01-19
356,194,10,7,303.22,YAPE,2024-10-21
357,11,3,2,72.83,TRANSFERENCIA,2024-08-28
358,133,30,5,305.1,PLIN,2022-10-14
359,84,40,11,85.44,PLIN,2023-09-05
360,152,22,17,415.0,PLIN,2024-09-30
361,182,37,10,240.07,EFECTIVO,2024-01-25
362,85,44,4,490.05,PLIN,2023-09-23
363,186,45,1,300.47,TRANSFERENCIA,2023-04-12
364,185,4,19,242.82,PLIN,2024-02-18
365,38,44,8,20.63,EFECTIVO,2023-01-26
366,5,29,11,212.3,YAPE,2023-02-22
367,106,33,20,460.66,EFECTIVO,2022-10-10
368,133,14,18,165.9,YAPE,2024-12-12
369,97,21,6,232.53,PLIN,2023-12-03
370,140,23,9,306.99,TARJETA,2023-05-20
371,72,36,10,116.31,TRANSFERENCIA,2023-08-15
372,181,14,16,161.94,TRANSFERENCIA,2023-07-15
373,74,8,19,339.93,YAPE,2024-03-19
374,89,50,5,148.77,TRANSFERENCIA,2022-06-11
375,89,29,9,374.93,TARJETA,2023-02-18
376,138,18,18,349.6,TARJETA,2022-08-12
377,158,48,19,123.44,EFECTIVO,2024-12-23
378,58,41,8,30.98,YAPE,2023-11-08
379,184,31,4,342.19,TARJETA,2022-01-11
380,141,11,14,328.18,YAPE,2024-09-04
381,167,13,10,163.98,EFECTIVO,2022-07-03
382,167,37,8,269.9,EFECTIVO,2022-12-25
383,107,12,2,498.6,YAPE,2024-10-11
384,48,48,10,438.99,EFECTIVO,2023-09-04
385,146,39,4,464.59,TRANSFERENCIA,2023-08-06
386,117,42,18,264.54,TARJETA,2024-10-29
387,120,18,7,405.36,TRANSFERENCIA,2022-11-29
388,188,30,9,360.71,EFECTIVO,2023-11-22
389,76,37,7,91.87,YAPE,2024-05-25
390,132,21,3,203.41,EFECTIVO,2023-01-14
391,36,31,11,468.23,EFECTIVO,2023-06-19
392,99,16,15,378.11,TRANSFERENCIA,2023-09-11
393,150,47,19,10.66,TRANSFERENCIA,2023-04-29
394,16,43,4,235.37,TARJETA,2024-04-10
395,176,33,10,346.69,TRANSFERENCIA,2024-01-23
396,158,15,8,478.89,YAPE,2022-11-10
397,117,48,20,189.94,PLIN,2024-08-22
398,194,35,7,382.12,PLIN,2022-06-17
399,135,29,17,353.36,EFECTIVO,2022-08-18
400,16,36,17,105.07,PLIN,2022-11-03
401,43,21,17,223.71,TARJETA,2024-09-28
402,24,33,15,405.3,YAPE,2022-09-28
403,132,27,15,284.14,PLIN,2024-08-04
404,173,20,1,200.99,EFECTIVO,2023-03-23
405,149,5,2,214.73,EFECTIVO,2022-05-04
406,18,31,2,147.11,TARJETA,2022-10-05
407,197,42,14,190.36,YAPE,2024-07-07
408,97,25,3,342.95,PLIN,2022-09-30
409,168,23,4,93.34,PLIN,2024-03-15
410,136,9,8,418.24,EFECTIVO,2023-09-04
411,119,44,18,214.94,YAPE,2023-04-16
412,64,30,12,81.79,TARJETA,2022-08-20
413,9,43,14,309.39,EFECTIVO,2023-05-08
414,53,5,4,299.0,YAPE,2022-04-10
415,63,48,2,204.12,TARJETA,2023-03-21
416,194,50,2,74.37,TRANSFERENCIA,2023-04-25
417,188,37,11,290.85,TRANSFERENCIA,2023-05-01
418,78,10,17,114.42,TRANSFERENCIA,2023-07-18
419,16,36,19,440.46,TARJETA,2024-05-24
420,143,32,2,486.28,YAPE,2024-12-10
421,82,45,14,207.09,TRANSFERENCIA,2024-02-10
422,48,49,18,239.39,TARJETA,2023-09-08
423,182,10,15,457.8,PLIN,2024-04-25
424,107,36,17,71.38,TARJETA,2023-06-07
425,53,22,3,461.5,TRANSFERENCIA,2022-07-09
426,138,47,7,30.51,YAPE,2022-03-22
427,19,13,19,363.53,PLIN,2023-03-21
428,123,14,11,155.08,EFECTIVO,2023-03-10
429,49,48,4,374.71,YAPE,2023-05-12
430,179,39,7,201.33,TARJETA,2023-10-21
431,199,19,13,235.79,TRANSFERENCIA,2023-09-24
432,67,24,17,441.99,YAPE,2022-07-21
433,185,31,11,457.59,TRANSFERENCIA,2023-10-03
434,106,3,19,432.72,TARJETA,2022-02-03
435,67,36,19,291.68,YAPE,2023-08-28
436,40,13,11,118.86,PLIN,2023-05-19
437,128,36,11,132.38,YAPE,2024-10-01
438,118,11,12,88.79,PLIN,2024-09-27
439,48,35,2,264.35,EFECTIVO,2022-04-10
440,196,1,14,73.06,TARJETA,2022-05-20
441,182,10,1,113.27,YAPE,2024-02-04
442,16,40,20,456.81,YAPE,2022-02-02
443,2,35,18,208.61,EFECTIVO,2024-12-20
444,185,18,18,488.85,EFECTIVO,2024-10-25
445,179,44,14,404.05,TARJETA,2022-08-08
446,25,34,5,124.28,PLIN,2024-12-14
447,65,23,9,398.49,EFECTIVO,2024-02-04
448,104,30,19,125.39,TARJETA,2023-09-07
449,176,6,2,51.28,YAPE,2024-02-12
450,142,31,2,320.19,TARJETA,2022-06-19
451,128,28,11,285.1,EFECTIVO,2024-12-17
452,11,15,7,451.13,PLIN,2024-08-31
453,70,3,3,343.79,TRANSFERENCIA,2022-03-09
454,46,21,1,480.93,PLIN,2022-10-23
455,193,46,13,464.79,TRANSFERENCIA,2022-11-29
456,145,16,19,418.15,YAPE,2023-11-11
457,99,49,5,396.3,EFECTIVO,2024-10-22
458,191,23,2,53.35,TARJETA,2022-06-05
459,88,39,20,477.65,YAPE,2023-10-31
460,8,41,9,392.86,YAPE,2024-10-01
461,59,23,18,470.87,YAPE,2023-01-16
462,175,38,13,47.42,PLIN,2023-08-28
463,64,46,3,45.61,TARJETA,2024-02-18
464,183,41,5,371.13,TRANSFERENCIA,2024-01-09
465,28,6,1,471.77,YAPE,2024-01-08
466,195,18,4,70.59,TARJETA,2024-06-01
467,115,36,18,258.66,EFECTIVO,2022-02-23
468,23,23,18,51.07,PLIN,2023-10-27
469,99,1,10,209.84,EFECTIVO,2023-05-13
470,147,34,6,344.23,TARJETA,2022-10-12
471,69,20,9,249.1,EFECTIVO,2022-12-09
472,112,18,14,153.38,EFECTIVO,2024-01-10
473,65,16,16,298.93,TARJETA,2024-07-26
474,28,9,10,8.35,YAPE,2023-11-12
475,159,25,11,222.91,YAPE,2022-10-06
476,77,21,20,473.9,TARJETA,2024-09-08
477,81,12,13,484.52,TRANSFERENCIA,2024-10-02
478,148,16,11,191.15,YAPE,2024-01-18
479,30,37,7,298.15,PLIN,2023-01-04
480,175,50,18,18.32,YAPE,2023-03-06
481,113,19,3,410.39,YAPE,2024-10-19
482,36,41,10,124.8,TARJETA,2024-05-16
483,97,5,15,495.4,YAPE,2024-03-31
484,137,33,14,274.1,TRANSFERENCIA,2022-06-24
485,28,50,8,330.51,TRANSFERENCIA,2022-12-07
486,166,40,2,283.79,YAPE,2023-11-11
487,111,7,1,53.81,TARJETA,2024-11-11
488,192,34,18,292.36,PLIN,2023-03-29
489,115,24,13,234.22,PLIN,2024-10-21
490,39,23,1,243.97,TRANSFERENCIA,2024-05-01
491,22,8,5,177.42,TRANSFERENCIA,2024-07-21
492,53,34,16,177.41,EFECTIVO,2024-06-16
493,185,45,15,162.86,TRANSFERENCIA,2022-04-02
494,182,8,1,425.34,EFECTIVO,2022-12-03
495,190,16,17,91.35,TARJETA,2023-11-09
496,144,28,15,119.77,YAPE,2023-01-13
497,48,41,14,200.81,PLIN,2023-02-09
498,116,38,14,197.47,TARJETA,2023-02-26
499,72,49,3,290.79,PLIN,2023-01-18
500,94,21,7,231.49,TRANSFERENCIA,2024-09-29
501,136,41,11,300.5,PLIN,2024-03-14
502,151,8,12,179.23,YAPE,2022-12-20
503,173,46,10,459.75,PLIN,2022-06-23
504,173,9,11,63.34,TRANSFERENCIA,2022-08-28
505,47,24,5,257.86,YAPE,2022-10-10
506,148,25,14,96.95,PLIN,2022-12-21
507,143,11,16,147.97,TARJETA,2023-10-07
508,116,40,2,433.43,EFECTIVO,2024-09-19
509,35,13,13,482.1,PLIN,2024-10-10
510,105,44,16,210.74,YAPE,2024-09-27
511,43,6,19,20.28,TARJETA,2023-08-22
512,9,18,8,271.12,TARJETA,2024-07-25
513,145,48,16,277.11,EFECTIVO,2022-08-22
514,69,50,18,412.52,TRANSFERENCIA,2022-03-27
515,195,47,15,275.44,YAPE,2022-07-29
516,189,42,8,152.37,EFECTIVO,2024-07-10
517,68,23,3,222.34,EFECTIVO,2023-05-01
518,54,48,19,346.12,PLIN,2024-05-26
519,43,40,5,393.5,TARJETA,2022-05-02
520,146,23,18,144.14,PLIN,2022-12-11
521,83,46,10,148.22,TRANSFERENCIA,2024-11-19
522,174,7,5,481.57,YAPE,2022-05-02
523,71,42,5,352.21,TARJETA,2023-05-27
524,38,46,11,415.1,YAPE,2024-09-29
525,37,37,9,315.77,YAPE,2024-07-14
526,20,41,3,204.41,TRANSFERENCIA,2024-01-26
527,117,32,11,293.07,EFECTIVO,2024-07-27
528,163,43,12,425.8,PLIN,2024-03-25
529,56,28,7,249.88,TRANSFERENCIA,2023-08-04
530,87,36,19,69.64,YAPE,2023-12-05
531,175,49,2,27.74,YAPE,2022-02-03
532,32,11,15,230.98,YAPE,2023-02-19
533,177,9,10,83.69,TRANSFERENCIA,2022-07-11
534,168,24,9,45.8,TARJETA,2022-04-17
535,102,41,10,364.36,TARJETA,2024-05-29
536,168,6,4,5.54,YAPE,2022-06-09
537,34,38,8,262.12,YAPE,2022-01-20
538,3,45,11,409.47,YAPE,2022-09-28
539,123,5,8,194.62,EFECTIVO,2022-07-31
540,81,24,10,72.88,TARJETA,2022-10-20
541,18,34,19,9.19,TARJETA,2024-06-20
542,90,47,7,315.9,TARJETA,2024-04-23
543,158,44,15,430.68,EFECTIVO,2022-07-25
544,36,49,4,296.84,YAPE,2023-12-21
545,110,21,5,127.65,EFECTIVO,2023-05-24
546,142,39,20,361.98,TRANSFERENCIA,2022-02-24
547,169,20,7,261.29,PLIN,2023-01-22
548,192,26,10,324.85,TARJETA,2024-10-10
549,99,8,8,252.29,PLIN,2022-05-26
550,136,1,12,467.29,TARJETA,2024-03-03
551,146,27,12,275.45,TARJETA,2024-08-22
552,198,5,1,295.74,EFECTIVO,2023-06-21
553,56,3,2,474.6,YAPE,2024-11-03
554,74,41,17,384.72,YAPE,2024-04-03
555,22,41,18,271.14,TARJETA,2023-07-23
556,22,20,3,258.1,TARJETA,2022-11-15
557,138,21,13,295.29,EFECTIVO,2023-09-28
558,179,28,8,33.66,EFECTIVO,2024-06-08
559,30,30,20,306.37,TRANSFERENCIA,2022-12-26
560,31,1,5,352.24,TARJETA,2024-10-13
561,89,34,17,392.58,TRANSFERENCIA,2022-12-08
562,96,9,9,367.8,EFECTIVO,2022-03-02
563,86,28,9,264.31,TRANSFERENCIA,2022-06-07
564,128,30,17,183.26,YAPE,2022-12-08
565,95,11,9,387.8,PLIN,2022-08-25
566,59,48,17,6.27,EFECTIVO,2023-05-16
567,12,31,12,194.57,TARJETA,2023-01-02
568,10,36,14,116.14,TARJETA,2024-05-02
569,185,21,9,413.87,PLIN,2024-02-03
570,31,33,2,93.78,PLIN,2022-04-05
571,103,5,15,433.69,TRANSFERENCIA,2023-11-02
572,23,36,15,8.94,TARJETA,2023-08-21
573,145,20,20,125.08,TRANSFERENCIA,2024-10-07
574,198,50,7,367.57,PLIN,2023-05-18
575,39,1,14,16.84,PLIN,2023-12-11
576,163,45,1,475.74,EFECTIVO,2024-02-10
577,189,47,10,56.45,PLIN,2023-05-03
578,108,32,2,486.42,TARJETA,2023-07-28
579,24,3,8,449.16,PLIN,2024-04-25
580,180,24,15,487.4,EFECTIVO,2022-07-15
581,130,9,13,42.04,PLIN,2022-05-08
582,112,43,5,122.2,TRANSFERENCIA,2023-10-08
583,101,45,11,162.44,TRANSFERENCIA,2023-04-24
584,20,13,5,391.07,PLIN,2022-08-12
585,40,7,6,227.54,TRANSFERENCIA,2024-04-12
586,31,35,12,482.49,TARJETA,2024-07-14
587,79,30,9,426.98,EFECTIVO,2022-11-19
588,176,20,20,24.96,TRANSFERENCIA,2022-10-31
589,24,46,8,484.36,YAPE,2024-11-17
590,13,44,10,133.78,TARJETA,2022-03-05
591,104,29,18,375.3,TARJETA,2022-07-13
592,119,7,5,65.12,EFECTIVO,2023-04-01
593,34,13,13,189.26,EFECTIVO,2023-06-15
594,20,2,3,102.89,YAPE,2022-09-21
595,24,22,4,26.13,YAPE,2022-04-14
596,44,37,14,411.73,YAPE,2024-10-13
597,8,25,14,90.54,TARJETA,2023-01-19
598,71,18,15,442.29,EFECTIVO,2023-05-19
599,166,19,16,208.94,PLIN,2024-09-08
600,16,6,9,194.59,YAPE,2023-02-13
601,165,34,8,317.22,PLIN,2022-02-09
602,98,46,12,242.44,YAPE,2023-12-06
603,145,33,11,197.25,TARJETA,2022-02-23
604,82,39,8,19.51,TRANSFERENCIA,2022-04-30
605,121,34,12,384.59,TARJETA,2022-11-23
606,26,16,8,136.93,EFECTIVO,2023-03-26
607,148,25,12,467.93,TARJETA,2022-12-27
608,61,38,11,404.07,TRANSFERENCIA,2022-02-27
609,181,45,12,474.04,PLIN,2022-10-19
610,145,13,16,273.35,TARJETA,2024-10-01
611,10,6,2,120.15,TARJETA,2022-02-10
612,135,31,1,169.21,PLIN,2023-02-17
613,34,22,6,459.8,TRANSFERENCIA,2022-05-02
614,6,10,19,353.82,TARJETA,2022-08-16
615,135,24,3,189.93,YAPE,2022-07-26
616,87,20,11,72.54,TARJETA,2024-06-13
617,164,32,11,91.23,PLIN,2024-01-01
618,58,43,19,408.15,YAPE,2023-09-21
619,188,45,10,68.04,EFECTIVO,2024-03-12
620,198,37,2,95.13,TRANSFERENCIA,2023-03-29
621,164,37,4,468.66,TARJETA,2023-11-10
622,191,5,8,176.67,TRANSFERENCIA,2022-12-10
623,163,6,11,226.08,TRANSFERENCIA,2023-03-06
624,64,45,3,178.49,EFECTIVO,2022-01-03
625,13,25,15,367.63,TARJETA,2024-04-27
626,127,25,12,275.28,EFECTIVO,2024-09-08
627,148,42,8,85.51,EFECTIVO,2022-03-10
628,76,2,11,134.26,EFECTIVO,2022-06-01
629,88,11,13,84.65,EFECTIVO,2022-07-10
630,87,39,20,447.15,EFECTIVO,2024-06-02
631,168,11,20,445.43,TARJETA,2022-04-20
632,26,22,7,487.33,YAPE,2023-06-28
633,170,19,10,122.59,EFECTIVO,2024-03-15
634,147,36,16,81.03,TRANSFERENCIA,2022-01-08
635,110,6,10,412.83,PLIN,2024-09-10
636,52,7,1,107.44,TRANSFERENCIA,2022-06-17
637,122,8,10,393.51,YAPE,2024-09-28
638,170,17,3,322.72,YAPE,2023-01-14
639,95,25,12,97.36,EFECTIVO,2023-06-24
640,113,30,9,116.99,TRANSFERENCIA,2022-05-07
641,39,49,4,47.43,TRANSFERENCIA,2024-04-27
642,194,38,8,279.03,YAPE,2024-12-06
643,108,35,16,288.49,TARJETA,2024-09-02
644,77,6,13,451.87,EFECTIVO,2024-10-25
645,147,34,19,340.38,PLIN,2022-10-29
646,31,49,15,90.58,TARJETA,2023-03-10
647,50,9,2,214.57,YAPE,2023-02-18
648,161,10,20,132.65,EFECTIVO,2022-06-28
649,100,36,13,278.27,TRANSFERENCIA,2024-11-30
650,118,1,20,295.85,YAPE,2022-08-19
651,107,10,5,285.46,PLIN,2022-07-25
652,28,37,4,393.94,PLIN,2023-12-06
653,106,17,13,329.12,PLIN,2024-08-26
654,10,12,9,204.47,PLIN,2024-04-02
655,10,26,11,346.8,EFECTIVO,2024-08-31
656,69,24,1,172.24,TRANSFERENCIA,2023-09-29
657,72,32,4,486.39,TARJETA,2022-10-03
658,77,48,15,388.15,TRANSFERENCIA,2023-07-06
659,187,27,20,324.55,TARJETA,2024-06-23
660,55,27,16,380.95,TRANSFERENCIA,2022-04-26
661,132,11,3,159.01,PLIN,2024-04-06
662,35,50,17,440.27,EFECTIVO,2022-12-22
663,50,13,2,128.5,YAPE,2022-04-14
664,93,46,7,140.62,YAPE,2024-10-31
665,102,41,4,342.18,TARJETA,2024-02-02
666,126,39,15,92.9,YAPE,2023-12-18
667,89,11,9,375.74,EFECTIVO,2023-08-07
668,8,25,2,85.64,PLIN,2023-03-15
669,57,42,8,340.46,TRANSFERENCIA,2024-04-18
670,132,2,1,239.68,TARJETA,2022-12-21
671,154,1,8,129.93,TRANSFERENCIA,2023-07-18
672,109,25,12,232.2,TARJETA,2024-08-13
673,78,44,17,413.03,YAPE,2022-07-29
674,2,33,12,282.92,PLIN,2023-08-02
675,77,44,4,243.46,TRANSFERENCIA,2023-07-21
676,164,21,9,134.27,TRANSFERENCIA,2023-01-21
677,39,34,8,450.35,PLIN,2024-04-07
678,170,21,5,362.04,YAPE,2023-08-29
679,67,27,13,197.2,EFECTIVO,2023-01-24
680,88,47,8,344.73,YAPE,2024-01-05
681,130,20,6,421.12,PLIN,2023-01-06
682,76,7,16,68.33,TRANSFERENCIA,2023-01-10
683,175,22,3,115.02,TARJETA,2023-09-21
684,108,22,12,133.98,TRANSFERENCIA,2024-08-07
685,31,31,2,433.86,PLIN,2022-05-26
686,121,13,17,64.31,YAPE,2024-12-21
687,77,27,2,436.07,TARJETA,2022-10-09
688,52,22,14,493.66,YAPE,2022-10-21
689,81,46,6,390.58,YAPE,2023-11-13
690,162,12,11,319.08,EFECTIVO,2024-07-14
691,71,14,6,290.26,TARJETA,2024-09-29
692,196,50,3,69.06,YAPE,2024-05-29
693,104,28,16,194.74,EFECTIVO,2024-12-29
694,52,47,12,475.28,TRANSFERENCIA,2024-12-23
695,49,2,1,315.21,TARJETA,2023-04-09
696,178,23,10,68.82,YAPE,2024-10-27
697,151,20,6,37.32,EFECTIVO,2023-09-03
698,75,30,17,300.2,TRANSFERENCIA,2024-06-07
699,176,9,11,498.09,YAPE,2024-01-06
700,193,13,6,474.3,YAPE,2022-02-09
701,59,15,5,109.54,EFECTIVO,2024-10-30
702,44,8,12,357.0,EFECTIVO,2024-02-08
703,164,17,18,313.45,PLIN,2022-04-09
704,170,7,1,28.88,EFECTIVO,2024-05-03
705,114,25,4,275.9,YAPE,2022-11-10
706,53,45,1,154.05,EFECTIVO,2024-12-01
707,70,40,20,351.86,YAPE,2022-08-03
708,131,47,20,63.28,EFECTIVO,2022-08-06
709,128,13,20,103.88,TRANSFERENCIA,2024-12-07
710,52,23,14,151.2,EFECTIVO,2024-10-13
711,54,45,16,168.65,EFECTIVO,2022-01-27
712,172,6,4,418.44,YAPE,2022-11-02
713,24,50,17,42.15,EFECTIVO,2023-06-09
714,165,15,15,494.39,TRANSFERENCIA,2023-06-25
715,119,4,4,407.52,EFECTIVO,2023-08-19
716,93,44,11,215.87,EFECTIVO,2022-07-14
717,195,3,1,426.74,TARJETA,2023-11-05
718,92,29,20,137.81,EFECTIVO,2024-02-03
719,88,12,4,203.38,YAPE,2023-07-11
720,99,45,16,400.95,TARJETA,2022-08-20
721,34,45,2,490.88,TARJETA,2022-08-01
722,107,38,16,402.12,YAPE,2023-01-07
723,157,25,12,307.62,TARJETA,2024-09-16
724,125,8,14,223.14,EFECTIVO,2023-06-20
725,168,21,1,353.76,PLIN,2023-04-04
726,172,22,17,263.94,PLIN,2022-07-15
727,111,43,8,243.56,YAPE,2022-11-01
728,143,40,2,10.76,TARJETA,2024-11-01
729,121,32,6,42.06,YAPE,2023-10-19
730,62,22,9,29.92,TARJETA,2024-02-15
731,104,16,3,232.25,PLIN,2024-07-06
732,23,32,15,161.45,YAPE,2022-02-06
733,27,26,14,22.74,PLIN,2022-01-01
734,24,39,20,320.58,PLIN,2023-02-28
735,168,43,15,475.43,TRANSFERENCIA,2022-04-22
736,58,30,11,282.27,PLIN,2024-08-26
737,184,43,12,359.38,EFECTIVO,2022-07-19
738,195,43,8,6.09,TRANSFERENCIA,2023-08-21
739,141,34,12,352.54,EFECTIVO,2022-12-03
740,127,9,14,57.95,PLIN,2023-02-06
741,49,8,13,111.72,TARJETA,2023-11-24
742,28,49,14,28.02,PLIN,2022-09-10
743,198,29,15,330.94,PLIN,2022-10-03
744,128,1,17,369.43,PLIN,2024-06-05
745,150,31,17,391.64,TARJETA,2022-12-22
746,188,9,4,196.77,PLIN,2023-10-22
747,130,25,14,489.85,TARJETA,2023-07-15
748,102,22,10,229.16,TARJETA,2022-10-10
749,106,39,17,152.96,PLIN,2023-10-05
750,183,48,18,318.13,TARJETA,2023-03-06
751,160,46,10,344.87,TARJETA,2022-12-31
752,129,35,11,356.62,TRANSFERENCIA,2024-09-10
753,150,37,14,338.75,PLIN,2023-08-09
754,109,1,17,57.7,YAPE,2022-10-25
755,14,43,2,103.95,TARJETA,2023-08-10
756,175,17,5,420.49,TRANSFERENCIA,2023-02-22
757,193,35,2,182.55,YAPE,2022-07-29
758,158,44,18,433.1,PLIN,2024-03-07
759,61,33,10,348.0,EFECTIVO,2024-02-21
760,100,27,11,483.09,EFECTIVO,2022-01-27
761,191,17,7,312.18,YAPE,2023-04-07
762,163,46,12,378.78,PLIN,2023-02-07
763,199,47,7,150.62,TARJETA,2022-06-02
764,48,12,17,64.08,EFECTIVO,2024-05-27
765,72,36,9,69.38,PLIN,2023-06-07
766,2,22,15,356.3,TARJETA,2022-03-23
767,40,21,20,30.17,PLIN,2023-09-09
768,126,37,18,182.25,TRANSFERENCIA,2024-12-12
769,57,12,17,38.75,PLIN,2022-11-23
770,107,35,18,204.69,TRANSFERENCIA,2023-03-30
771,55,43,11,168.88,TRANSFERENCIA,2023-03-24
772,193,40,17,240.05,PLIN,2022-01-19
773,30,43,12,225.61,PLIN,2023-05-15
774,11,44,11,193.78,EFECTIVO,2024-03-01
775,66,35,10,17.23,PLIN,2024-02-07
776,132,33,15,245.97,TRANSFERENCIA,2023-01-30
777,83,33,3,474.36,TARJETA,2024-12-28
778,2,41,3,109.34,TARJETA,2024-05-18
779,27,14,18,415.23,YAPE,2022-05-28
780,192,44,5,16.76,TRANSFERENCIA,2022-03-19
781,23,5,2,93.11,TRANSFERENCIA,2022-05-25
782,148,15,9,206.78,YAPE,2024-04-08
783,111,21,1,197.8,EFECTIVO,2024-12-31
784,2,42,20,36.3,PLIN,2022-04-04
785,180,5,12,464.38,EFECTIVO,2023-08-17
786,176,20,20,47.82,YAPE,2024-02-21
787,102,43,1,239.62,PLIN,2023-03-27
788,35,48,13,399.4,PLIN,2023-08-28
789,163,10,10,340.26,TRANSFERENCIA,2022-01-23
790,142,36,5,66.0,EFECTIVO,2024-03-18
791,138,36,3,155.82,TRANSFERENCIA,2023-03-10
792,106,42,17,75.52,TARJETA,2023-03-29
793,158,17,7,61.74,PLIN,2022-04-22
794,193,36,15,324.11,EFECTIVO,2023-08-19
795,172,5,9,53.61,PLIN,2024-09-24
796,85,23,5,337.29,TARJETA,2022-07-24
797,73,40,3,450.56,TRANSFERENCIA,2024-09-22
798,116,22,20,331.41,PLIN,2022-11-09
799,145,37,12,404.81,YAPE,2022-12-12
800,2,21,8,393.9,YAPE,2023-07-21
801,93,9,11,439.55,YAPE,2024-07-01
802,92,50,10,246.05,EFECTIVO,2022-12-26
803,166,39,3,421.69,TARJETA,2023-02-07
804,68,47,3,365.08,EFECTIVO,2024-11-04
805,162,2,19,291.56,PLIN,2023-03-12
806,10,36,9,274.02,PLIN,2024-08-24
807,168,50,5,186.08,TARJETA,2023-08-19
808,35,30,17,257.65,YAPE,2024-01-16
809,129,1,8,424.75,PLIN,2022-12-06
810,194,33,5,225.88,TARJETA,2022-10-27
811,189,47,16,469.89,EFECTIVO,2023-03-25
812,195,32,8,36.12,TRANSFERENCIA,2023-04-25
813,11,43,7,261.35,TRANSFERENCIA,2024-03-05
814,121,30,2,24.75,TRANSFERENCIA,2022-07-31
815,181,34,9,418.26,TRANSFERENCIA,2022-12-23
816,97,42,13,185.82,EFECTIVO,2024-11-24
817,65,25,8,260.6,TRANSFERENCIA,2023-12-08
818,125,31,20,8.27,TARJETA,2024-06-19
819,43,15,3,259.7,TRANSFERENCIA,2023-03-10
820,39,12,6,184.3,EFECTIVO,2023-04-17
821,107,22,4,243.35,YAPE,2024-09-08
822,54,38,6,325.39,YAPE,2022-02-15
823,63,3,5,288.88,TARJETA,2022-10-03
824,162,33,2,445.94,TARJETA,2022-04-25
825,43,17,6,260.74,YAPE,2022-02-08
826,185,47,10,473.89,TARJETA,2024-07-08
827,156,31,16,89.43,YAPE,2022-10-20
828,150,50,6,313.49,PLIN,2023-06-26
829,43,47,11,461.56,PLIN,2022-05-21
830,59,25,13,70.45,EFECTIVO,2023-02-19
831,134,33,14,414.12,PLIN,2022-07-17
832,46,31,20,301.91,PLIN,2024-10-27
833,193,8,3,243.71,TARJETA,2022-01-03
834,199,44,14,263.41,TRANSFERENCIA,2022-03-30
835,179,34,14,118.6,YAPE,2024-02-20
836,90,38,19,53.37,TARJETA,2023-06-06
837,123,50,8,455.49,EFECTIVO,2023-08-04
838,154,35,14,132.61,EFECTIVO,2022-01-15
839,148,34,4,262.28,YAPE,2023-02-25
840,177,21,14,184.32,TARJETA,2024-05-22
841,167,38,9,134.34,PLIN,2024-05-17
842,145,24,20,141.4,YAPE,2023-02-22
843,106,36,18,243.82,TRANSFERENCIA,2024-09-17
844,65,20,19,175.46,YAPE,2022-10-10
845,169,8,8,226.06,TARJETA,2022-07-25
846,55,33,13,394.11,PLIN,2022-04-17
847,42,25,1,403.16,TARJETA,2024-08-23
848,154,28,3,36.72,TARJETA,2024-01-30
849,21,39,2,363.62,YAPE,2024-12-03
850,74,46,20,33.44,TARJETA,2024-10-09
851,113,1,7,426.03,PLIN,2023-08-09
852,50,3,20,257.72,TARJETA,2022-12-14
853,173,3,12,123.43,EFECTIVO,2022-11-19
854,23,18,13,179.8,YAPE,2024-04-10
855,151,13,17,12.61,EFECTIVO,2022-07-04
856,141,19,18,457.93,TRANSFERENCIA,2023-12-13
857,71,15,20,481.71,YAPE,2024-04-07
858,148,1,9,91.64,PLIN,2022-08-07
859,144,5,17,150.65,EFECTIVO,2024-11-17
860,66,35,19,128.82,YAPE,2024-02-12
861,145,31,8,379.95,YAPE,2024-08-01
862,151,2,16,62.55,EFECTIVO,2024-02-23
863,163,15,8,401.08,YAPE,2023-12-25
864,133,35,1,351.91,TRANSFERENCIA,2023-05-24
865,74,6,13,338.48,TRANSFERENCIA,2022-06-05
866,142,12,16,160.37,TARJETA,2023-07-06
867,47,48,7,252.0,TARJETA,2023-04-26
868,189,16,9,107.36,TARJETA,2023-05-27
869,159,23,5,390.57,EFECTIVO,2022-06-10
870,174,43,16,308.84,PLIN,2022-03-28
871,124,24,20,161.13,PLIN,2023-07-17
872,126,12,17,143.73,TARJETA,2022-09-20
873,14,34,14,241.77,PLIN,2022-03-08
874,129,23,13,430.9,TARJETA,2024-07-25
875,31,45,17,232.73,EFECTIVO,2022-01-25
876,173,14,13,292.6,TRANSFERENCIA,2024-01-11
877,157,17,6,276.54,TARJETA,2023-07-06
878,121,40,11,186.13,YAPE,2024-05-18
879,54,27,12,185.71,YAPE,2023-07-27
880,116,12,19,69.91,PLIN,2023-04-14
881,26,47,9,403.02,PLIN,2024-06-04
882,98,13,5,401.02,TARJETA,2024-08-26
883,3,12,14,252.3,PLIN,2024-12-29
884,185,21,16,153.52,PLIN,2022-04-08
885,102,7,6,34.72,TRANSFERENCIA,2024-09-02
886,162,7,15,373.57,TRANSFERENCIA,2024-01-10
887,93,36,18,466.26,TRANSFERENCIA,2023-12-06
888,6,27,4,178.79,PLIN,2023-02-12
889,148,37,18,91.4,TRANSFERENCIA,2023-12-29
890,84,44,17,246.31,YAPE,2022-06-10
891,98,40,10,234.56,TARJETA,2022-12-10
892,164,22,14,317.48,PLIN,2024-04-08
893,19,6,6,175.09,TRANSFERENCIA,2023-10-11
894,168,19,9,304.67,YAPE,2023-07-10
895,114,50,12,375.21,PLIN,2024-07-11
896,106,11,6,427.83,TARJETA,2023-04-26
897,170,17,3,109.23,YAPE,2022-07-30
898,25,5,16,276.47,EFECTIVO,2024-03-24
899,135,49,3,56.44,PLIN,2022-11-15
900,22,42,13,158.14,TARJETA,2023-08-05
901,114,41,5,69.98,TARJETA,2022-02-28
902,9,43,12,430.88,TRANSFERENCIA,2024-09-02
903,120,35,9,276.53,TARJETA,2022-12-29
904,152,39,15,317.37,PLIN,2024-06-09
905,135,41,18,158.28,TRANSFERENCIA,2024-09-13
906,139,15,3,223.72,TRANSFERENCIA,2024-04-24
907,67,10,10,10.23,PLIN,2022-10-07
908,89,19,16,269.87,YAPE,2024-09-04
909,77,1,14,399.99,PLIN,2023-04-19
910,2,36,12,98.34,PLIN,2024-06-14
911,102,16,6,358.89,YAPE,2024-02-14
912,57,17,3,214.01,TARJETA,2024-11-24
913,196,40,9,145.92,PLIN,2023-07-05
914,106,13,3,95.29,TRANSFERENCIA,2022-08-15
915,164,30,20,229.12,PLIN,2024-10-04
916,49,21,1,80.31,PLIN,2022-02-15
917,48,7,10,138.25,YAPE,2022-01-17
918,60,6,5,12.29,TARJETA,2023-12-02
919,108,20,16,498.99,YAPE,2022-03-06
920,85,6,5,32.74,YAPE,2022-05-27
921,140,31,6,100.14,TRANSFERENCIA,2024-02-21
922,4,8,8,195.47,YAPE,2023-05-22
923,189,3,7,233.11,EFECTIVO,2024-12-03
924,171,14,16,197.62,TRANSFERENCIA,2023-10-24
925,41,41,2,373.64,PLIN,2024-12-02
926,32,17,16,321.07,TARJETA,2024-01-09
927,14,43,7,486.77,TARJETA,2024-06-08
928,84,1,6,398.22,PLIN,2022-09-03
929,102,16,1,484.57,PLIN,2024-08-31
930,177,39,5,188.84,EFECTIVO,2023-05-25
931,41,32,3,344.54,TRANSFERENCIA,2022-05-03
932,16,23,5,352.16,EFECTIVO,2022-09-15
933,125,15,11,490.93,TRANSFERENCIA,2024-06-17
934,188,13,1,346.18,TRANSFERENCIA,2022-10-03
935,65,3,16,354.78,PLIN,2023-08-27
936,139,45,16,98.94,TARJETA,2023-12-14
937,83,47,15,141.29,PLIN,2022-11-25
938,18,34,5,227.45,TRANSFERENCIA,2024-01-22
939,117,1,17,192.63,TARJETA,2022-02-08
940,159,24,20,123.2,EFECTIVO,2024-03-04
941,49,34,16,384.04,TARJETA,2023-08-03
942,83,27,11,59.68,PLIN,2022-05-17
943,12,9,6,437.38,TARJETA,2022-08-08
944,125,13,4,20.75,YAPE,2024-09-30
945,135,40,19,131.69,TRANSFERENCIA,2023-03-29
946,156,46,3,11.48,TARJETA,2024-10-03
947,21,30,2,183.66,YAPE,2024-01-26
948,182,4,20,136.58,EFECTIVO,2022-05-25
949,78,5,7,480.49,EFECTIVO,2022-07-27
950,186,15,18,195.74,TARJETA,2024-12-13
951,169,16,19,314.54,TARJETA,2024-04-30
952,192,7,19,182.19,YAPE,2024-05-24
953,27,11,6,277.23,PLIN,2023-11-23
954,169,11,18,499.22,YAPE,2023-12-23
955,81,36,11,423.2,YAPE,2024-05-31
956,186,21,20,124.16,PLIN,2023-03-15
957,97,50,18,463.44,TRANSFERENCIA,2024-01-08
958,116,29,13,5.1,EFECTIVO,2023-08-06
959,153,2,17,71.87,TRANSFERENCIA,2022-01-14
960,77,15,7,428.58,EFECTIVO,2023-07-20
961,142,33,18,287.48,PLIN,2022-11-13
962,25,3,15,181.05,TARJETA,2023-06-27
963,94,38,8,120.33,TRANSFERENCIA,2022-07-08
964,147,26,19,459.35,EFECTIVO,2023-10-27
965,124,12,16,413.72,PLIN,2022-07-15
966,153,42,10,23.5,PLIN,2024-02-21
967,21,50,2,461.33,TRANSFERENCIA,2023-12-14
968,112,27,4,435.54,TARJETA,2022-01-24
969,163,50,13,31.79,PLIN,2022-03-26
970,82,35,19,79.04,PLIN,2023-03-29
971,40,4,13,485.66,PLIN,2024-10-30
972,24,15,14,148.44,YAPE,2022-10-31
973,34,22,3,240.55,EFECTIVO,2024-03-28
974,68,6,13,253.4,TARJETA,2022-10-04
975,124,36,7,246.49,PLIN,2023-02-06
976,144,40,17,126.89,EFECTIVO,2023-06-30
977,199,28,11,343.95,PLIN,2022-07-03
978,29,43,14,214.65,TRANSFERENCIA,2023-01-26
979,83,23,20,329.43,TRANSFERENCIA,2022-12-13
980,90,40,15,313.48,YAPE,2022-04-02
981,60,13,12,82.22,EFECTIVO,2022-08-19
982,190,4,8,474.73,TARJETA,2023-08-13
983,4,22,4,156.03,YAPE,2022-02-16
984,85,14,18,109.88,PLIN,2024-12-07
985,193,17,18,244.1,TARJETA,2022-02-07
986,97,38,17,26.52,TARJETA,2022-05-04
987,73,13,20,139.28,YAPE,2022-01-18
988,18,25,9,333.18,TRANSFERENCIA,2022-08-09
989,5,19,13,119.43,YAPE,2024-11-07
990,182,7,11,244.91,PLIN,2024-12-24
991,23,12,7,252.82,YAPE,2022-02-14
992,11,16,17,155.94,YAPE,2024-03-16
993,191,11,1,176.66,TRANSFERENCIA,2023-12-29
994,161,20,8,498.02,PLIN,2023-07-19
995,16,41,9,439.95,EFECTIVO,2023-07-28
996,58,10,11,449.1,TARJETA,2022-06-29
997,187,25,17,480.5,PLIN,2023-04-11
998,107,16,19,80.61,TRANSFERENCIA,2023-11-06
999,115,35,5,107.34,TARJETA,2023-02-19
1000,36,20,17,455.23,YAPE,2022-10-25
1001,168,37,6,162.16,PLIN,2024-12-27
1002,185,8,6,162.21,TARJETA,2022-03-02
1003,196,21,14,480.79,TRANSFERENCIA,2024-06-26
1004,191,41,9,80.22,TARJETA,2022-08-07
1005,34,12,1,382.41,PLIN,2023-07-01
1006,156,37,20,119.3,TARJETA,2023-04-18
1007,176,2,12,44.34,YAPE,2022-10-02
1008,129,39,16,357.45,TRANSFERENCIA,2023-01-12
1009,100,32,16,73.07,TARJETA,2023-04-09
1010,9,27,1,463.09,YAPE,2023-04-01
1011,191,43,7,380.1,EFECTIVO,2022-12-29
1012,113,40,16,345.49,YAPE,2023-05-21
1013,110,26,2,305.93,YAPE,2023-10-03
1014,101,40,19,298.93,PLIN,2022-03-20
1015,134,7,15,231.17,EFECTIVO,2023-05-19
1016,133,35,13,492.0,EFECTIVO,2024-03-04
1017,133,49,2,98.98,YAPE,2024-03-26
1018,78,50,10,233.37,YAPE,2023-08-26
1019,157,4,17,452.32,YAPE,2024-07-14
1020,24,47,17,61.02,PLIN,2022-10-05
1021,101,27,11,228.19,TARJETA,2024-07-18
1022,152,46,7,441.86,EFECTIVO,2023-05-28
1023,83,45,6,360.6,EFECTIVO,2022-07-06
1024,30,46,15,318.87,EFECTIVO,2024-12-08
1025,182,25,17,307.98,TARJETA,2024-02-15
1026,141,25,2,385.29,TRANSFERENCIA,2022-11-04
1027,42,10,6,385.73,EFECTIVO,2024-05-09
1028,79,20,15,147.95,TARJETA,2022-08-29
1029,34,13,1,313.17,TRANSFERENCIA,2022-01-26
1030,118,32,16,274.03,EFECTIVO,2024-10-07
1031,61,14,19,331.44,YAPE,2024-04-19
1032,114,6,20,302.05,TARJETA,2023-07-24
1033,159,41,18,410.96,TARJETA,2022-04-11
1034,48,10,2,328.37,EFECTIVO,2022-10-25
1035,9,43,19,419.82,TRANSFERENCIA,2023-11-10
1036,23,4,4,211.39,TARJETA,2022-11-27
1037,173,19,20,332.16,PLIN,2022-12-30
1038,117,48,19,183.29,EFECTIVO,2022-07-10
1039,197,20,11,187.44,YAPE,2022-05-19
1040,195,28,18,37.14,YAPE,2022-10-03
1041,32,45,9,167.96,YAPE,2024-12-10
1042,54,45,7,307.97,EFECTIVO,2024-12-19
1043,23,31,20,467.28,TRANSFERENCIA,2024-05-24
1044,156,21,9,265.07,PLIN,2023-12-26
1045,34,40,19,250.72,YAPE,2024-10-05
1046,47,40,8,355.75,TARJETA,2022-01-04
1047,31,2,15,314.6,EFECTIVO,2023-03-01
1048,158,27,14,27.52,TRANSFERENCIA,2023-03-11
1049,3,41,7,346.56,TRANSFERENCIA,2022-05-19
1050,79,20,17,277.25,EFECTIVO,2022-08-22
1051,176,22,11,201.04,PLIN,2022-03-01
1052,45,13,11,417.74,YAPE,2024-08-29
1053,10,42,5,243.34,YAPE,2023-11-18
1054,119,27,2,418.38,TRANSFERENCIA,2023-10-09
1055,143,35,1,108.09,TRANSFERENCIA,2023-12-26
1056,17,10,9,421.17,TRANSFERENCIA,2024-02-08
1057,161,35,6,287.64,YAPE,2023-01-19
1058,153,8,10,354.11,TRANSFERENCIA,2022-03-06
1059,70,27,3,251.04,TARJETA,2024-02-01
1060,116,20,7,264.92,TARJETA,2022-08-18
1061,96,3,7,457.11,YAPE,2024-11-02
1062,7,31,17,81.27,TRANSFERENCIA,2024-09-17
1063,188,34,10,388.89,TARJETA,2022-07-21
1064,133,44,5,106.57,EFECTIVO,2024-07-29
1065,100,46,17,62.34,TRANSFERENCIA,2022-04-01
1066,176,39,3,169.98,EFECTIVO,2022-07-31
1067,134,50,10,16.13,TRANSFERENCIA,2023-03-06
1068,83,13,7,146.85,PLIN,2023-10-16
1069,198,29,4,139.96,TARJETA,2023-07-15
1070,30,1,20,282.01,EFECTIVO,2023-02-28
1071,139,23,18,162.65,TARJETA,2023-08-04
1072,147,16,6,40.27,PLIN,2023-11-25
1073,139,29,2,69.39,YAPE,2022-04-14
1074,28,25,2,47.63,YAPE,2023-01-02
1075,181,39,19,316.59,YAPE,2023-12-30
1076,80,22,7,357.88,PLIN,2022-06-10
1077,194,49,15,286.06,EFECTIVO,2024-08-17
1078,25,30,10,343.82,YAPE,2024-08-21
1079,60,15,5,431.24,PLIN,2023-06-13
1080,94,26,6,351.31,TRANSFERENCIA,2023-10-28
1081,117,32,1,37.36,EFECTIVO,2023-12-21
1082,123,30,6,144.72,TRANSFERENCIA,2022-09-18
1083,131,7,13,409.69,EFECTIVO,2023-10-30
1084,143,42,3,397.25,PLIN,2024-08-02
1085,103,38,14,123.09,TARJETA,2022-11-22
1086,124,25,3,173.65,PLIN,2024-06-01
1087,112,37,11,274.54,TARJETA,2022-12-21
1088,170,43,3,370.99,PLIN,2024-09-23
1089,30,38,20,234.14,PLIN,2022-07-19
1090,114,12,10,478.16,EFECTIVO,2022-08-11
1091,176,39,13,167.07,EFECTIVO,2022-07-05
1092,56,9,19,452.11,EFECTIVO,2022-10-28
1093,170,10,15,267.97,YAPE,2024-07-04
1094,51,14,11,153.37,TRANSFERENCIA,2024-06-09
1095,184,23,3,293.45,PLIN,2024-11-11
1096,104,9,10,35.89,PLIN,2022-04-19
1097,1,46,18,411.27,TRANSFERENCIA,2022-08-13
1098,73,2,8,218.7,PLIN,2024-03-18
1099,161,21,13,205.99,YAPE,2023-03-09
1100,170,12,16,73.84,PLIN,2024-02-27
1101,93,27,5,147.79,TARJETA,2022-10-03
1102,3,5,1,76.28,YAPE,2024-06-13
1103,35,6,5,322.91,YAPE,2024-07-22
1104,179,39,14,313.51,YAPE,2024-11-09
1105,109,36,15,195.43,TARJETA,2023-01-16
1106,109,39,1,291.08,TARJETA,2024-10-24
1107,69,27,18,290.29,EFECTIVO,2022-03-19
1108,146,31,12,61.02,YAPE,2022-06-13
1109,37,47,17,491.87,TRANSFERENCIA,2024-08-10
1110,133,6,17,445.51,EFECTIVO,2023-05-18
1111,121,41,3,343.62,PLIN,2023-10-02
1112,157,4,11,269.84,EFECTIVO,2024-08-18
1113,117,33,16,289.11,TRANSFERENCIA,2024-05-12
1114,91,19,10,87.92,PLIN,2023-09-15
1115,187,37,9,35.4,YAPE,2022-12-13
1116,147,4,10,405.4,PLIN,2022-02-25
1117,74,32,3,67.78,EFECTIVO,2023-07-24
1118,65,9,20,144.08,TRANSFERENCIA,2022-01-30
1119,190,8,20,91.43,PLIN,2022-11-06
1120,169,29,12,404.88,TRANSFERENCIA,2023-04-29
1121,125,12,17,431.7,TRANSFERENCIA,2022-06-22
1122,38,39,5,419.62,YAPE,2024-02-24
1123,61,43,15,364.37,TARJETA,2023-03-08
1124,148,47,12,31.89,TRANSFERENCIA,2022-08-26
1125,14,11,15,202.38,TRANSFERENCIA,2024-09-02
1126,192,49,18,120.66,YAPE,2024-08-29
1127,68,10,17,435.79,EFECTIVO,2023-08-15
1128,115,25,11,481.07,EFECTIVO,2022-07-19
1129,137,41,12,478.31,YAPE,2023-07-13
1130,86,18,9,402.15,TRANSFERENCIA,2024-03-12
1131,119,50,8,368.49,PLIN,2023-02-04
1132,134,22,6,160.07,EFECTIVO,2022-01-18
1133,18,1,14,53.36,EFECTIVO,2024-07-02
1134,90,15,10,129.69,EFECTIVO,2022-02-18
1135,159,6,2,469.56,TARJETA,2022-09-07
1136,182,8,3,428.94,TARJETA,2024-02-09
1137,169,49,19,402.58,TARJETA,2022-08-16
1138,179,12,9,150.81,EFECTIVO,2024-07-17
1139,71,50,14,347.65,TRANSFERENCIA,2023-06-12
1140,42,50,3,142.26,EFECTIVO,2024-02-23
1141,100,22,2,132.83,TRANSFERENCIA,2022-12-31
1142,113,5,16,489.81,TARJETA,2024-03-15
1143,46,42,16,58.67,PLIN,2024-06-02
1144,56,40,4,456.74,TRANSFERENCIA,2022-07-31
1145,9,5,3,287.82,TRANSFERENCIA,2024-07-02
1146,5,32,5,328.17,EFECTIVO,2022-03-19
1147,171,25,9,80.05,TRANSFERENCIA,2024-03-12
1148,148,1,17,355.26,YAPE,2024-09-06
1149,112,26,3,272.36,EFECTIVO,2024-02-27
1150,177,50,16,65.0,PLIN,2024-01-06
1151,86,44,10,203.3,EFECTIVO,2024-01-19
1152,137,22,3,421.38,TRANSFERENCIA,2023-02-20
1153,46,36,2,483.92,TARJETA,2023-09-05
1154,179,25,4,317.16,TRANSFERENCIA,2024-09-23
1155,22,41,15,368.99,TARJETA,2022-03-15
1156,50,2,19,123.05,YAPE,2022-05-10
1157,139,42,10,252.34,YAPE,2022-02-03
1158,10,22,2,172.17,EFECTIVO,2024-04-10
1159,31,14,17,231.89,PLIN,2022-11-02
1160,190,38,8,462.78,EFECTIVO,2022-10-17
1161,126,42,1,238.25,PLIN,2022-04-04
1162,63,45,5,12.11,EFECTIVO,2023-09-22
1163,25,30,20,89.49,PLIN,2022-05-11
1164,28,8,16,299.51,PLIN,2023-03-28
1165,17,13,14,171.98,YAPE,2023-10-27
1166,31,44,19,275.21,TRANSFERENCIA,2023-03-13
1167,196,3,19,90.86,EFECTIVO,2022-09-05
1168,71,10,14,88.19,TRANSFERENCIA,2022-12-04
1169,113,16,19,25.15,EFECTIVO,2024-02-10
1170,200,11,1,440.42,EFECTIVO,2022-01-14
1171,2,12,3,354.84,PLIN,2023-08-05
1172,107,45,16,347.72,TARJETA,2022-10-21
1173,164,18,17,227.96,TARJETA,2022-12-24
1174,157,45,2,300.15,YAPE,2022-06-30
1175,161,20,12,212.3,PLIN,2023-04-28
1176,50,8,17,488.51,PLIN,2024-01-12
1177,195,35,17,113.54,TARJETA,2023-07-21
1178,14,13,4,399.32,YAPE,2024-10-15
1179,46,11,2,31.74,TRANSFERENCIA,2023-08-07
1180,54,28,9,170.48,YAPE,2022-03-30
1181,27,48,2,462.81,TARJETA,2022-11-20
1182,8,32,17,62.45,TARJETA,2024-06-29
1183,152,38,11,212.44,TRANSFERENCIA,2023-04-17
1184,200,8,11,117.75,TARJETA,2024-04-24
1185,52,25,8,41.4,PLIN,2024-09-19
1186,14,28,5,112.0,PLIN,2024-07-20
1187,46,25,12,72.52,TARJETA,2024-01-05
1188,70,13,11,67.97,PLIN,2022-05-03
1189,72,9,4,426.57,YAPE,2024-05-06
1190,44,49,11,113.83,TRANSFERENCIA,2022-11-18
1191,164,40,6,291.17,PLIN,2023-04-16
1192,23,27,17,247.16,TARJETA,2024-08-27
1193,119,18,1,366.36,TARJETA,2023-05-23
1194,84,28,19,115.09,PLIN,2022-11-02
1195,147,1,14,490.19,EFECTIVO,2024-08-21
1196,188,50,17,21.64,PLIN,2024-03-18
1197,123,45,4,228.96,TARJETA,2022-06-20
1198,143,49,1,348.11,YAPE,2023-03-23
1199,34,23,10,123.34,EFECTIVO,2022-02-02
1200,123,43,10,85.09,YAPE,2022-02-19
1201,117,30,5,437.73,YAPE,2023-01-14
1202,95,41,15,353.43,EFECTIVO,2022-05-25
1203,99,45,11,267.81,TRANSFERENCIA,2024-05-22
1204,193,18,20,273.51,TARJETA,2022-06-15
1205,159,22,2,259.79,TRANSFERENCIA,2022-04-16
1206,29,25,12,235.35,EFECTIVO,2024-01-19
1207,94,12,18,353.91,PLIN,2023-02-24
1208,36,22,8,272.12,YAPE,2023-03-06
1209,193,48,8,163.63,TRANSFERENCIA,2024-10-28
1210,175,28,9,31.96,TRANSFERENCIA,2023-12-09
1211,116,32,17,265.71,EFECTIVO,2024-08-20
1212,182,35,18,450.23,YAPE,2024-01-24
1213,173,45,3,98.24,YAPE,2022-06-28
1214,21,26,6,147.74,EFECTIVO,2022-08-12
1215,43,18,4,350.06,YAPE,2022-11-05
1216,53,34,1,150.12,PLIN,2022-09-28
1217,122,23,14,224.71,EFECTIVO,2023-08-21
1218,49,5,1,436.54,TARJETA,2024-11-30
1219,166,22,14,291.46,TRANSFERENCIA,2024-09-22
1220,152,43,17,421.74,YAPE,2024-07-26
1221,78,37,5,449.65,TRANSFERENCIA,2022-12-18
1222,67,15,16,189.09,TRANSFERENCIA,2022-04-07
1223,38,23,10,230.68,TARJETA,2022-11-26
1224,183,35,10,95.23,TARJETA,2022-11-11
1225,42,16,4,25.37,TRANSFERENCIA,2022-09-17
1226,113,17,12,96.33,PLIN,2022-03-13
1227,171,21,12,78.23,YAPE,2022-11-29
1228,137,20,4,460.61,YAPE,2024-10-19
1229,197,10,15,464.27,TARJETA,2022-01-09
1230,190,35,17,168.98,TRANSFERENCIA,2024-08-28
1231,75,49,19,335.11,PLIN,2024-06-24
1232,87,45,4,367.16,EFECTIVO,2022-10-13
1233,174,36,4,157.5,YAPE,2023-03-28
1234,115,23,3,166.55,PLIN,2023-02-04
1235,150,34,8,391.74,TRANSFERENCIA,2023-02-05
1236,6,6,18,425.48,EFECTIVO,2024-11-14
1237,101,13,16,162.29,PLIN,2024-11-13
1238,15,43,12,201.79,YAPE,2024-01-28
1239,99,24,1,145.9,TRANSFERENCIA,2023-09-23
1240,115,36,3,111.77,YAPE,2024-05-01
1241,114,19,6,403.81,YAPE,2024-04-28
1242,36,38,20,47.61,TARJETA,2023-09-14
1243,122,34,11,37.73,PLIN,2024-02-09
1244,23,1,14,321.21,TRANSFERENCIA,2024-04-28
1245,45,36,15,356.57,TARJETA,2023-02-13
1246,48,25,10,279.16,EFECTIVO,2023-09-11
1247,150,20,16,281.84,YAPE,2023-04-05
1248,7,1,5,135.03,YAPE,2022-09-12
1249,168,43,10,211.49,YAPE,2023-05-17
1250,8,8,9,249.06,EFECTIVO,2024-01-11
1251,149,31,19,220.85,TRANSFERENCIA,2024-09-01
1252,178,8,12,258.7,PLIN,2022-02-05
1253,67,11,19,33.96,TRANSFERENCIA,2024-08-02
1254,178,9,12,85.84,TRANSFERENCIA,2024-01-10
1255,108,41,12,29.11,TRANSFERENCIA,2024-12-20
1256,164,5,17,100.94,TARJETA,2022-07-13
1257,154,49,6,274.14,TRANSFERENCIA,2023-09-09
1258,70,44,12,52.44,PLIN,2023-12-22
1259,37,1,5,261.49,TRANSFERENCIA,2024-09-20
1260,106,22,6,55.7,TARJETA,2024-10-27
1261,57,13,18,308.65,PLIN,2024-12-25
1262,183,36,4,211.59,EFECTIVO,2022-08-27
1263,34,2,16,177.36,TRANSFERENCIA,2022-10-12
1264,114,39,17,382.98,TRANSFERENCIA,2022-12-19
1265,182,20,1,373.51,EFECTIVO,2023-04-01
1266,33,45,5,345.58,TRANSFERENCIA,2022-09-14
1267,54,9,3,215.28,EFECTIVO,2022-06-09
1268,5,50,16,379.88,EFECTIVO,2023-02-07
1269,28,3,17,298.62,YAPE,2022-09-01
1270,65,3,3,154.31,EFECTIVO,2022-07-17
1271,32,39,7,295.86,TARJETA,2023-01-14
1272,172,23,1,49.94,TRANSFERENCIA,2023-12-14
1273,91,11,17,391.5,PLIN,2023-05-11
1274,130,37,3,54.06,PLIN,2022-01-29
1275,136,14,7,482.31,TARJETA,2022-01-09
1276,186,7,7,460.64,YAPE,2024-01-21
1277,179,38,6,222.63,EFECTIVO,2023-01-06
1278,91,25,14,111.07,TARJETA,2024-04-14
1279,29,49,11,66.19,EFECTIVO,2024-11-30
1280,35,32,12,353.84,PLIN,2022-03-25
1281,22,21,16,62.28,TRANSFERENCIA,2024-07-24
1282,154,48,10,345.09,YAPE,2023-04-08
1283,142,27,10,492.56,YAPE,2023-01-22
1284,18,31,12,93.75,YAPE,2022-08-04
1285,102,29,17,330.98,EFECTIVO,2022-09-02
1286,37,26,13,349.04,EFECTIVO,2022-12-12
1287,17,24,7,172.62,PLIN,2024-04-07
1288,32,15,14,363.97,TRANSFERENCIA,2023-07-14
1289,194,42,13,181.27,PLIN,2024-04-08
1290,125,33,9,77.95,YAPE,2022-08-10
1291,32,17,16,251.15,TARJETA,2022-03-02
1292,26,48,2,416.0,YAPE,2022-02-24
1293,46,25,20,341.21,TARJETA,2023-09-13
1294,160,40,4,381.28,PLIN,2024-10-05
1295,120,13,10,332.74,YAPE,2024-10-30
1296,67,35,11,405.69,PLIN,2022-02-06
1297,196,3,14,440.66,EFECTIVO,2024-02-25
1298,116,21,13,224.07,EFECTIVO,2022-03-09
1299,46,36,10,442.93,TARJETA,2024-10-03
1300,111,9,10,359.28,YAPE,2022-08-13
1301,146,44,16,331.74,PLIN,2024-08-20
1302,122,36,6,255.81,YAPE,2023-06-24
1303,127,38,13,310.39,TRANSFERENCIA,2023-08-06
1304,83,4,1,297.28,TARJETA,2024-01-21
1305,90,48,19,18.32,TRANSFERENCIA,2024-02-19
1306,25,28,12,496.01,YAPE,2023-12-21
1307,15,43,8,127.57,TRANSFERENCIA,2022-06-23
1308,177,5,10,61.66,TARJETA,2022-02-10
1309,138,21,2,233.15,YAPE,2024-11-20
1310,108,18,1,349.5,PLIN,2022-02-15
1311,82,25,19,198.2,PLIN,2022-07-20
1312,126,7,7,171.3,PLIN,2023-11-27
1313,43,40,10,184.85,YAPE,2023-02-18
1314,128,41,3,420.99,PLIN,2023-03-15
1315,74,17,2,152.17,PLIN,2024-04-03
1316,58,40,3,360.26,PLIN,2022-07-14
1317,152,22,9,38.3,PLIN,2024-08-31
1318,110,14,12,398.85,TRANSFERENCIA,2024-10-30
1319,77,28,18,160.11,YAPE,2024-04-03
1320,65,40,17,229.35,PLIN,2023-01-05
1321,5,41,17,432.04,PLIN,2024-10-19
1322,55,43,15,137.63,PLIN,2024-06-07
1323,145,47,2,263.52,TRANSFERENCIA,2024-08-05
1324,38,16,5,374.48,TRANSFERENCIA,2024-06-10
1325,106,21,3,318.79,YAPE,2023-07-01
1326,74,42,6,131.94,PLIN,2023-04-29
1327,104,16,4,79.23,EFECTIVO,2023-05-18
1328,80,30,16,282.11,YAPE,2024-05-14
1329,166,3,7,83.88,TARJETA,2022-03-01
1330,67,18,18,92.11,EFECTIVO,2024-09-22
1331,6,4,3,160.38,TRANSFERENCIA,2022-05-11
1332,105,24,3,201.46,TARJETA,2023-04-29
1333,29,37,17,466.8,PLIN,2024-12-11
1334,65,32,3,122.85,EFECTIVO,2023-10-04
1335,85,38,13,403.89,TARJETA,2024-05-16
1336,56,10,4,91.7,TRANSFERENCIA,2024-06-19
1337,105,17,19,32.68,PLIN,2024-02-07
1338,180,8,11,275.14,YAPE,2023-05-20
1339,72,10,12,240.23,TRANSFERENCIA,2023-09-24
1340,6,42,20,22.23,EFECTIVO,2023-05-06
1341,65,36,13,158.09,TRANSFERENCIA,2022-09-07
1342,137,16,15,197.29,YAPE,2023-06-08
1343,78,6,8,152.22,TARJETA,2024-06-17
1344,162,21,14,395.71,TRANSFERENCIA,2022-06-14
1345,200,32,16,369.79,TRANSFERENCIA,2024-05-15
1346,26,11,9,255.64,TRANSFERENCIA,2024-05-11
1347,155,47,18,370.2,YAPE,2022-02-26
1348,196,4,6,316.93,TARJETA,2022-01-07
1349,103,13,10,160.29,EFECTIVO,2022-08-15
1350,41,16,17,358.21,TARJETA,2024-04-20
1351,82,29,16,437.39,TARJETA,2023-06-18
1352,45,44,19,414.25,TRANSFERENCIA,2023-02-11
1353,22,27,12,95.04,YAPE,2023-04-05
1354,6,2,18,325.32,TARJETA,2022-07-02
1355,119,13,9,352.12,TARJETA,2022-04-12
1356,103,40,14,302.19,TARJETA,2022-07-02
1357,95,11,19,63.09,PLIN,2024-06-10
1358,198,30,16,63.66,TARJETA,2023-01-26
1359,69,19,16,194.13,YAPE,2023-02-28
1360,154,14,10,364.72,TARJETA,2024-05-06
1361,47,27,5,19.24,TRANSFERENCIA,2023-04-28
1362,159,29,8,187.97,YAPE,2022-06-25
1363,3,31,5,436.36,YAPE,2023-03-11
1364,183,25,14,369.37,TRANSFERENCIA,2022-05-30
1365,25,36,2,30.8,TARJETA,2024-08-22
1366,91,39,20,356.24,EFECTIVO,2022-01-11
1367,65,33,20,193.56,YAPE,2024-01-30
1368,34,36,2,292.34,TRANSFERENCIA,2022-12-14
1369,129,32,11,439.56,TARJETA,2022-07-03
1370,82,46,17,219.3,TRANSFERENCIA,2022-08-28
1371,81,3,5,252.11,TRANSFERENCIA,2024-01-09
1372,111,19,9,308.4,TRANSFERENCIA,2024-11-24
1373,81,28,6,161.19,YAPE,2022-11-06
1374,143,43,15,31.34,TARJETA,2022-04-22
1375,59,12,2,237.77,TARJETA,2024-08-14
1376,112,8,16,25.19,TRANSFERENCIA,2024-09-20
1377,118,32,4,423.69,TARJETA,2022-09-11
1378,90,6,7,434.75,TARJETA,2022-12-11
1379,192,33,9,283.81,PLIN,2023-03-11
1380,150,1,17,384.59,TARJETA,2024-05-02
1381,20,16,16,340.07,TRANSFERENCIA,2022-02-23
1382,73,44,4,200.11,PLIN,2022-08-06
1383,83,10,1,45.13,YAPE,2024-07-18
1384,161,18,20,330.71,TRANSFERENCIA,2022-03-31
1385,168,40,15,165.83,PLIN,2022-09-22
1386,55,4,10,164.97,EFECTIVO,2022-05-25
1387,141,39,13,50.81,TRANSFERENCIA,2022-12-31
1388,62,50,13,49.15,TARJETA,2022-11-30
1389,100,50,13,146.04,TARJETA,2022-09-04
1390,77,32,14,369.27,TRANSFERENCIA,2022-09-26
1391,92,43,4,416.87,PLIN,2023-02-14
1392,126,29,13,240.84,PLIN,2024-05-16
1393,24,49,14,406.44,PLIN,2023-01-17
1394,112,41,14,51.01,PLIN,2023-12-01
1395,119,44,8,325.57,TARJETA,2024-10-11
1396,135,41,17,46.57,YAPE,2024-06-14
1397,21,31,10,78.56,TARJETA,2023-09-08
1398,64,34,14,151.26,EFECTIVO,2022-06-06
1399,12,33,4,257.77,YAPE,2022-07-13
1400,119,43,19,407.35,TRANSFERENCIA,2023-06-06
1401,150,6,17,13.05,YAPE,2023-01-03
1402,47,26,2,46.23,TRANSFERENCIA,2023-10-05
1403,151,47,15,379.89,YAPE,2023-06-27
1404,88,12,7,96.62,PLIN,2023-06-16
1405,173,7,14,269.52,EFECTIVO,2024-03-19
1406,30,1,6,329.62,YAPE,2024-04-09
1407,169,48,20,364.33,TRANSFERENCIA,2024-01-09
1408,177,44,13,403.3,EFECTIVO,2022-09-14
1409,35,1,7,60.4,EFECTIVO,2023-01-21
1410,7,14,16,326.07,TARJETA,2024-06-11
1411,161,35,7,47.62,YAPE,2022-10-31
1412,122,28,1,62.65,TARJETA,2024-06-30
1413,125,31,1,430.6,PLIN,2023-05-12
1414,52,19,19,415.58,YAPE,2022-04-15
1415,86,1,4,317.05,YAPE,2024-05-01
1416,127,48,19,299.94,PLIN,2023-08-19
1417,10,32,13,245.62,PLIN,2024-09-26
1418,60,46,2,266.51,YAPE,2023-10-09
1419,142,5,9,446.97,YAPE,2024-08-27
1420,30,32,20,469.79,TRANSFERENCIA,2024-07-07
1421,179,28,1,84.86,TARJETA,2024-08-19
1422,89,29,8,256.28,PLIN,2023-11-26
1423,155,46,15,69.92,TRANSFERENCIA,2024-03-10
1424,107,44,12,399.01,TARJETA,2023-03-01
1425,73,45,3,335.19,TARJETA,2022-12-21
1426,52,11,20,248.63,YAPE,2024-10-08
1427,78,16,7,280.63,EFECTIVO,2024-01-05
1428,67,23,6,91.48,PLIN,2022-03-07
1429,17,22,14,61.41,TARJETA,2022-09-05
1430,144,15,16,132.62,TRANSFERENCIA,2023-12-29
1431,197,3,18,137.41,TARJETA,2024-11-21
1432,155,43,4,354.67,YAPE,2024-07-25
1433,194,8,4,391.92,PLIN,2022-07-28
1434,144,3,17,57.18,EFECTIVO,2023-02-25
1435,93,11,10,355.54,PLIN,2024-10-17
1436,188,7,5,325.31,TRANSFERENCIA,2022-10-10
1437,32,13,15,484.97,EFECTIVO,2023-05-18
1438,122,22,10,254.99,EFECTIVO,2023-06-29
1439,96,46,14,183.52,TARJETA,2022-11-07
1440,193,49,17,213.75,TARJETA,2022-10-10
1441,110,27,14,449.54,PLIN,2024-01-11
1442,8,29,5,386.23,PLIN,2022-05-23
1443,22,22,11,203.82,TARJETA,2024-06-07
1444,16,26,2,331.79,TARJETA,2022-04-29
1445,162,46,17,486.47,YAPE,2024-04-03
1446,175,45,18,437.41,TRANSFERENCIA,2023-12-06
1447,3,18,17,307.15,TARJETA,2024-04-07
1448,115,42,7,444.35,PLIN,2024-06-24
1449,179,23,13,388.82,TRANSFERENCIA,2022-06-22
1450,10,35,11,198.05,TARJETA,2024-12-01
1451,139,19,7,50.95,PLIN,2023-10-02
1452,134,22,6,16.59,PLIN,2023-06-14
1453,62,50,10,364.62,PLIN,2022-08-15
1454,188,4,12,133.58,PLIN,2023-12-27
1455,32,4,4,227.12,PLIN,2022-01-11
1456,117,22,8,403.67,PLIN,2024-12-28
1457,153,15,12,153.1,PLIN,2022-10-14
1458,183,25,17,370.07,EFECTIVO,2023-11-03
1459,133,38,7,412.31,TRANSFERENCIA,2024-07-19
1460,26,10,14,415.08,EFECTIVO,2022-07-08
1461,16,28,5,240.75,YAPE,2022-06-09
1462,95,44,17,204.36,PLIN,2024-11-28
1463,200,26,9,294.23,YAPE,2024-06-20
1464,177,32,14,412.79,TARJETA,2024-11-01
1465,33,32,15,69.05,PLIN,2024-12-19
1466,31,45,7,230.44,EFECTIVO,2022-11-18
1467,144,24,4,302.79,YAPE,2022-08-14
1468,31,24,19,148.35,PLIN,2022-11-10
1469,31,24,10,495.55,TRANSFERENCIA,2023-08-26
1470,125,2,5,75.36,PLIN,2024-05-13
1471,13,20,10,111.71,YAPE,2022-01-05
1472,32,36,12,38.44,EFECTIVO,2024-05-05
1473,124,37,10,285.05,TRANSFERENCIA,2024-02-12
1474,122,47,20,70.74,TARJETA,2024-10-30
1475,163,30,15,335.27,TARJETA,2023-10-29
1476,23,40,20,207.77,TARJETA,2024-03-20
1477,87,35,2,479.25,YAPE,2023-07-23
1478,166,6,6,355.07,PLIN,2023-09-25
1479,144,42,4,323.74,EFECTIVO,2023-01-30
1480,159,35,19,380.02,PLIN,2024-12-04
1481,49,49,16,253.81,EFECTIVO,2022-09-04
1482,169,35,6,481.38,TRANSFERENCIA,2023-02-26
1483,63,46,19,224.89,PLIN,2023-10-19
1484,103,38,2,248.28,EFECTIVO,2023-11-28
1485,112,12,14,16.91,PLIN,2023-10-12
1486,98,17,3,61.75,EFECTIVO,2022-12-11
1487,74,10,6,131.5,EFECTIVO,2022-11-12
1488,79,27,6,34.16,TRANSFERENCIA,2023-01-07
1489,7,46,2,152.52,EFECTIVO,2023-10-18
1490,37,27,11,132.68,EFECTIVO,2022-04-17
1491,52,16,20,295.08,YAPE,2024-11-07
1492,193,33,13,474.93,TRANSFERENCIA,2022-05-05
1493,82,30,18,206.5,YAPE,2022-03-01
1494,105,41,8,457.3,EFECTIVO,2023-07-06
1495,142,38,4,126.93,PLIN,2022-09-15
1496,78,37,14,225.76,PLIN,2023-02-21
1497,37,24,18,492.73,TARJETA,2024-05-17
1498,143,29,2,5.5,YAPE,2023-08-16
1499,168,11,1,34.79,YAPE,2023-07-14
1500,154,17,13,499.62,TARJETA,2024-11-11
